{
    "UserAgent": "aws-amplify-cli/0.1.0",
    "Version": "0.1.0",
    "IdentityManager": {
        "Default": {}
    },
    "CredentialsProvider": {
        "CognitoIdentity": {
            "Default": {
                "PoolId": "us-east-2:21989018-b05f-4eb8-940c-caccf4213c70",
                "Region": "us-east-2"
            }
        }
    },
    "CognitoUserPool": {
        "Default": {
            "PoolId": "us-east-2_ieUtnVVX4",
            "AppClientId": "h6rh3vhapo896cp98u7hl0ih4",
            "Region": "us-east-2"
        }
    },
    "Auth": {
        "Default": {
            "authenticationFlowType": "USER_SRP_AUTH",
            "socialProviders": [],
            "usernameAttributes": [
                "EMAIL"
            ],
            "signupAttributes": [
                "EMAIL"
            ],
            "passwordProtectionSettings": {
                "passwordPolicyMinLength": 8,
                "passwordPolicyCharacters": []
            },
            "mfaConfiguration": "OFF",
            "mfaTypes": [
                "SMS"
            ],
            "verificationMechanisms": [
                "EMAIL"
            ]
        }
    },
    "S3TransferUtility": {
        "Default": {
            "Bucket": "cloud01-2",
            "Region": "us-east-2"
        }
    }
}